{"DQN": {"rewards": [-7477.0, -5255.0, -6002.0, -6970.0, -5957.0, -6090.0, -6952.0, -5317.0, -7176.0, -5755.0, -5637.0, -7490.0, -7566.0, -7113.0, -6434.0, -6788.0, -7201.0, -7082.0, -6895.0, -5526.0, -6961.0, -7631.0, -7019.0, -6179.0, -7719.0, -5936.0, -5762.0, -7196.0, -6601.0, -5553.0, -7145.0, -7489.0, -6023.0, -5994.0, -6170.0, -7279.0, -6315.0, -6537.0, -7016.0, -6507.0, -7031.0, -7792.0, -5575.0, -5648.0, -5970.0, -5647.0, -5989.0, -6898.0, -7195.0, -7269.0, -6298.0, -6866.0, -5782.0, -6971.0, -6966.0, -7182.0, -5323.0, -5428.0, -5463.0, -6557.0, -7084.0, -7411.0, -7824.0, -6302.0, -6245.0, -7271.0, -5442.0, -5586.0, -5586.0, -5558.0, -7027.0, -7531.0, -5548.0, -6413.0, -7728.0, -7615.0, -7799.0, -5946.0, -5547.0, -5526.0, -6727.0, -5261.0, -6810.0, -6769.0, -6739.0, -7298.0, -7182.0, -5353.0, -6025.0, -6168.0, -6432.0, -6447.0, -6611.0, -7014.0, -6225.0, -5479.0, -7368.0, -5837.0, -6120.0, -7317.0], "completed": [365.0, 259.0, 295.0, 342.0, 289.0, 300.0, 343.0, 263.0, 355.0, 283.0, 284.0, 373.0, 376.0, 345.0, 319.0, 330.0, 356.0, 349.0, 340.0, 268.0, 343.0, 379.0, 347.0, 303.0, 374.0, 295.0, 287.0, 357.0, 322.0, 267.0, 344.0, 366.0, 301.0, 292.0, 300.0, 356.0, 310.0, 327.0, 346.0, 320.0, 345.0, 388.0, 276.0, 279.0, 294.0, 276.0, 289.0, 335.0, 350.0, 367.0, 314.0, 339.0, 286.0, 341.0, 349.0, 352.0, 258.0, 264.0, 274.0, 322.0, 351.0, 360.0, 385.0, 308.0, 304.0, 359.0, 262.0, 282.0, 274.0, 278.0, 343.0, 369.0, 272.0, 321.0, 385.0, 369.0, 391.0, 296.0, 273.0, 271.0, 329.0, 254.0, 338.0, 335.0, 330.0, 359.0, 354.0, 264.0, 296.0, 298.0, 316.0, 316.0, 324.0, 346.0, 303.0, 265.0, 365.0, 290.0, 304.0, 358.0], "dropped": [177.0, 122.0, 142.0, 164.0, 143.0, 143.0, 164.0, 122.0, 168.0, 135.0, 128.0, 173.0, 176.0, 169.0, 149.0, 163.0, 169.0, 166.0, 161.0, 130.0, 163.0, 178.0, 164.0, 146.0, 185.0, 138.0, 133.0, 168.0, 156.0, 135.0, 173.0, 177.0, 139.0, 142.0, 146.0, 172.0, 147.0, 149.0, 164.0, 153.0, 165.0, 180.0, 129.0, 130.0, 140.0, 133.0, 143.0, 166.0, 171.0, 165.0, 146.0, 161.0, 134.0, 165.0, 159.0, 170.0, 127.0, 128.0, 126.0, 154.0, 164.0, 177.0, 185.0, 149.0, 147.0, 170.0, 130.0, 126.0, 130.0, 128.0, 167.0, 179.0, 130.0, 147.0, 181.0, 183.0, 178.0, 136.0, 129.0, 128.0, 159.0, 125.0, 158.0, 158.0, 159.0, 173.0, 168.0, 124.0, 141.0, 149.0, 151.0, 153.0, 155.0, 164.0, 147.0, 131.0, 172.0, 135.0, 142.0, 173.0], "man_det": [0.14285714285714285, 0.14285714285714285, 0.125, 0.125, 0.14285714285714285, 0.14285714285714285, 0.0, 0.125, 0.14285714285714285, 0.16666666666666666, 0.16666666666666666, 0.16666666666666666, 0.16666666666666666, 0.0, 0.14285714285714285, 0.0, 0.125, 0.16666666666666666, 0.16666666666666666, 0.0, 0.16666666666666666, 0.14285714285714285, 0.125, 0.14285714285714285, 0.0, 0.0, 0.14285714285714285, 0.14285714285714285, 0.14285714285714285, 0.16666666666666666, 0.14285714285714285, 0.0, 0.0, 0.125, 0.16666666666666666, 0.0, 0.0, 0.125, 0.14285714285714285, 0.14285714285714285, 0.14285714285714285, 0.125, 0.16666666666666666, 0.125, 0.125, 0.2, 0.2, 0.16666666666666666, 0.14285714285714285, 0.16666666666666666, 0.125, 0.0, 0.2, 0.125, 0.2, 0.14285714285714285, 0.16666666666666666, 0.0, 0.16666666666666666, 0.14285714285714285, 0.0, 0.14285714285714285, 0.125, 0.14285714285714285, 0.0, 0.125, 0.16666666666666666, 0.0, 0.14285714285714285, 0.14285714285714285, 0.0, 0.16666666666666666, 0.14285714285714285, 0.2, 0.125, 0.0, 0.0, 0.0, 0.14285714285714285, 0.0, 0.14285714285714285, 0.16666666666666666, 0.0, 0.16666666666666666, 0.125, 0.14285714285714285, 0.14285714285714285, 0.0, 0.16666666666666666, 0.125, 0.16666666666666666, 0.14285714285714285, 0.16666666666666666, 0.14285714285714285, 0.125, 0.14285714285714285, 0.0, 0.14285714285714285, 0.14285714285714285, 0.0], "invalid": [0.0, 0.0, 0.0, 0.0, 0.0, 0.0, 0.0, 0.0, 0.0, 0.0, 0.0, 0.0, 0.0, 0.0, 0.0, 0.0, 0.0, 0.0, 0.0, 0.0, 0.0, 0.0, 0.0, 0.0, 0.0, 0.0, 0.0, 0.0, 0.0, 0.0, 0.0, 0.0, 0.0, 0.0, 0.0, 0.0, 0.0, 0.0, 0.0, 0.0, 0.0, 0.0, 0.0, 0.0, 0.0, 0.0, 0.0, 0.0, 0.0, 0.0, 0.0, 0.0, 0.0, 0.0, 0.0, 0.0, 0.0, 0.0, 0.0, 0.0, 0.0, 0.0, 0.0, 0.0, 0.0, 0.0, 0.0, 0.0, 0.0, 0.0, 0.0, 0.0, 0.0, 0.0, 0.0, 0.0, 0.0, 0.0, 0.0, 0.0, 0.0, 0.0, 0.0, 0.0, 0.0, 0.0, 0.0, 0.0, 0.0, 0.0, 0.0, 0.0, 0.0, 0.0, 0.0, 0.0, 0.0, 0.0, 0.0, 0.0], "invalid_time": [0.0, 0.0, 0.0, 0.0, 0.0, 0.0, 0.0, 0.0, 0.0, 0.0, 0.0, 0.0, 0.0, 0.0, 0.0, 0.0, 0.0, 0.0, 0.0, 0.0, 0.0, 0.0, 0.0, 0.0, 0.0, 0.0, 0.0, 0.0, 0.0, 0.0, 0.0, 0.0, 0.0, 0.0, 0.0, 0.0, 0.0, 0.0, 0.0, 0.0, 0.0, 0.0, 0.0, 0.0, 0.0, 0.0, 0.0, 0.0, 0.0, 0.0, 0.0, 0.0, 0.0, 0.0, 0.0, 0.0, 0.0, 0.0, 0.0, 0.0, 0.0, 0.0, 0.0, 0.0, 0.0, 0.0, 0.0, 0.0, 0.0, 0.0, 0.0, 0.0, 0.0, 0.0, 0.0, 0.0, 0.0, 0.0, 0.0, 0.0, 0.0, 0.0, 0.0, 0.0, 0.0, 0.0, 0.0, 0.0, 0.0, 0.0, 0.0, 0.0, 0.0, 0.0, 0.0, 0.0, 0.0, 0.0, 0.0, 0.0]}}