{"Q": {"rewards": [-11444.0, -15352.0, -14665.0, -16778.0, -12468.0, -11987.0, -15215.0, -18246.0, -14047.0, -12397.0, -13728.0, -16867.0, -11336.0, -13575.0, -15526.0, -14674.0, -21818.0, -17476.0, -17355.0, -12378.0, -15378.0, -17780.0, -14191.0, -21869.0, -14440.0, -15388.0, -13710.0, -20412.0, -16966.0, -17259.0, -10530.0, -9754.0, -13933.0, -14910.0, -12651.0, -13854.0, -14018.0, -18013.0, -12278.0, -12807.0, -18797.0, -13070.0, -16321.0, -17435.0, -16977.0, -15038.0, -13600.0, -18363.0, -14384.0, -14606.0, -17262.0, -12817.0, -18375.0, -15205.0, -14361.0, -15514.0, -15549.0, -20947.0, -18820.0, -15874.0, -15666.0, -14977.0, -17641.0, -19305.0, -18512.0, -17305.0, -20269.0, -15194.0, -17306.0, -15009.0, -21358.0, -19458.0, -20129.0, -21138.0, -17579.0, -22121.0, -15569.0, -16537.0, -17319.0, -14067.0, -16616.0, -15268.0, -15074.0, -18531.0, -14606.0, -15585.0, -17717.0, -15991.0, -21373.0, -22007.0, -20952.0, -18311.0, -18906.0, -20936.0, -16797.0, -16722.0, -15862.0, -15580.0, -19806.0, -20163.0], "completed": [252.0, 278.0, 352.0, 299.0, 278.0, 235.0, 324.0, 373.0, 272.0, 260.0, 323.0, 319.0, 210.0, 315.0, 340.0, 283.0, 364.0, 301.0, 299.0, 255.0, 282.0, 347.0, 275.0, 371.0, 268.0, 286.0, 253.0, 385.0, 311.0, 338.0, 223.0, 193.0, 307.0, 294.0, 232.0, 325.0, 231.0, 389.0, 284.0, 204.0, 350.0, 238.0, 351.0, 339.0, 349.0, 322.0, 300.0, 400.0, 299.0, 279.0, 351.0, 231.0, 326.0, 298.0, 244.0, 274.0, 323.0, 331.0, 325.0, 289.0, 304.0, 347.0, 333.0, 340.0, 323.0, 361.0, 379.0, 297.0, 283.0, 310.0, 356.0, 388.0, 344.0, 427.0, 358.0, 428.0, 349.0, 347.0, 366.0, 228.0, 325.0, 293.0, 260.0, 347.0, 354.0, 324.0, 332.0, 338.0, 357.0, 373.0, 419.0, 300.0, 444.0, 339.0, 290.0, 244.0, 337.0, 294.0, 323.0, 407.0], "dropped": [48.0, 31.0, 55.0, 44.0, 30.0, 27.0, 57.0, 60.0, 41.0, 23.0, 60.0, 43.0, 37.0, 47.0, 70.0, 46.0, 56.0, 34.0, 37.0, 38.0, 26.0, 42.0, 45.0, 57.0, 20.0, 28.0, 32.0, 52.0, 46.0, 65.0, 22.0, 20.0, 37.0, 36.0, 49.0, 46.0, 20.0, 54.0, 32.0, 31.0, 37.0, 12.0, 39.0, 43.0, 35.0, 52.0, 48.0, 55.0, 30.0, 54.0, 44.0, 35.0, 47.0, 37.0, 45.0, 48.0, 29.0, 45.0, 42.0, 40.0, 36.0, 65.0, 57.0, 46.0, 48.0, 67.0, 63.0, 44.0, 38.0, 39.0, 53.0, 74.0, 59.0, 62.0, 57.0, 71.0, 49.0, 59.0, 51.0, 41.0, 63.0, 52.0, 40.0, 83.0, 80.0, 63.0, 75.0, 53.0, 54.0, 45.0, 45.0, 51.0, 80.0, 42.0, 39.0, 34.0, 48.0, 58.0, 44.0, 60.0], "man_det": [0.42857142857142855, 0.5714285714285714, 0.5, 0.625, 0.5, 0.5714285714285714, 0.5, 0.7142857142857143, 0.5714285714285714, 0.5714285714285714, 0.6, 0.8571428571428571, 0.5714285714285714, 0.3333333333333333, 0.42857142857142855, 0.5714285714285714, 0.625, 0.625, 0.625, 0.5, 0.42857142857142855, 0.5714285714285714, 0.5714285714285714, 0.625, 0.3333333333333333, 0.42857142857142855, 0.5, 0.6666666666666666, 0.625, 0.8, 0.42857142857142855, 0.5, 0.5, 0.4, 0.42857142857142855, 0.5, 0.5714285714285714, 0.5, 0.5, 0.42857142857142855, 0.5714285714285714, 0.7142857142857143, 0.5714285714285714, 0.42857142857142855, 0.5, 0.5, 0.3333333333333333, 0.5, 0.6666666666666666, 0.6666666666666666, 0.5, 0.8333333333333334, 0.5714285714285714, 0.6666666666666666, 0.42857142857142855, 0.5, 0.5, 0.8, 0.5, 0.42857142857142855, 0.5714285714285714, 0.5714285714285714, 0.5, 0.5, 0.5714285714285714, 0.5, 0.5, 1.0, 0.6, 0.5, 0.5, 0.5, 0.5, 0.5, 0.2857142857142857, 0.5, 0.42857142857142855, 0.5714285714285714, 0.4, 0.6, 0.4, 0.5, 0.625, 0.5, 0.6, 0.5, 0.6666666666666666, 0.5, 0.3333333333333333, 0.5714285714285714, 0.3333333333333333, 0.5, 0.5, 0.8333333333333334, 0.7142857142857143, 0.7142857142857143, 0.6666666666666666, 0.5, 0.6666666666666666, 0.5714285714285714], "invalid": [148.0, 183.0, 186.0, 225.0, 149.0, 154.0, 199.0, 246.0, 200.0, 161.0, 185.0, 233.0, 140.0, 175.0, 203.0, 199.0, 327.0, 244.0, 253.0, 166.0, 212.0, 265.0, 204.0, 322.0, 175.0, 224.0, 194.0, 308.0, 240.0, 245.0, 131.0, 103.0, 175.0, 192.0, 164.0, 184.0, 182.0, 249.0, 165.0, 165.0, 271.0, 156.0, 217.0, 244.0, 229.0, 202.0, 193.0, 259.0, 197.0, 208.0, 246.0, 178.0, 255.0, 209.0, 210.0, 220.0, 216.0, 306.0, 276.0, 223.0, 232.0, 217.0, 244.0, 287.0, 268.0, 257.0, 299.0, 224.0, 256.0, 224.0, 324.0, 281.0, 307.0, 314.0, 262.0, 334.0, 220.0, 250.0, 256.0, 200.0, 241.0, 224.0, 215.0, 277.0, 215.0, 219.0, 266.0, 246.0, 325.0, 341.0, 334.0, 281.0, 279.0, 337.0, 258.0, 233.0, 227.0, 224.0, 275.0, 296.0], "invalid_time": [57.0, 119.0, 139.0, 122.0, 146.0, 68.0, 105.0, 127.0, 58.0, 100.0, 90.0, 106.0, 92.0, 101.0, 100.0, 113.0, 113.0, 128.0, 63.0, 86.0, 86.0, 87.0, 107.0, 128.0, 87.0, 78.0, 77.0, 91.0, 125.0, 120.0, 56.0, 69.0, 89.0, 99.0, 67.0, 71.0, 119.0, 126.0, 62.0, 111.0, 140.0, 88.0, 104.0, 119.0, 106.0, 88.0, 63.0, 130.0, 84.0, 105.0, 92.0, 111.0, 102.0, 116.0, 85.0, 106.0, 67.0, 134.0, 123.0, 131.0, 106.0, 90.0, 123.0, 134.0, 119.0, 77.0, 104.0, 89.0, 121.0, 75.0, 139.0, 138.0, 131.0, 141.0, 91.0, 122.0, 138.0, 100.0, 106.0, 110.0, 120.0, 120.0, 136.0, 107.0, 66.0, 121.0, 102.0, 92.0, 122.0, 117.0, 86.0, 144.0, 164.0, 89.0, 97.0, 126.0, 117.0, 123.0, 133.0, 128.0]}, "heuristic": {"rewards": [-12700.0, -11266.0, -11424.0, -10842.0, -8386.0, -10964.0, -10124.0, -9346.0, -9902.0, -7348.0, -12496.0, -10884.0, -10346.0, -8404.0, -11092.0, -9388.0, -8974.0, -9764.0, -8744.0, -10726.0, -12814.0, -10710.0, -9230.0, -9652.0, -7760.0, -10002.0, -9808.0, -10045.0, -9702.0, -10740.0, -11176.0, -10298.0, -11474.0, -10836.0, -8498.0, -8306.0, -9409.0, -10832.0, -13238.0, -8586.0, -8988.0, -10098.0, -9240.0, -12784.0, -12052.0, -9650.0, -10782.0, -10602.0, -11576.0, -11806.0, -11054.0, -10152.0, -12682.0, -11082.0, -12258.0, -9500.0, -10284.0, -9851.0, -9728.0, -9576.0, -12646.0, -10352.0, -10272.0, -10138.0, -10760.0, -9898.0, -9086.0, -9352.0, -9676.0, -13478.0, -9922.0, -12174.0, -9398.0, -10599.0, -8043.0, -10196.0, -11388.0, -12388.0, -10274.0, -9212.0, -10563.0, -9964.0, -9606.0, -10620.0, -10954.0, -11426.0, -8846.0, -10708.0, -12212.0, -11086.0, -8700.0, -10624.0, -9970.0, -9000.0, -8048.0, -8978.0, -8796.0, -9626.0, -11590.0, -12624.0], "completed": [199.0, 183.0, 161.0, 194.0, 150.0, 164.0, 163.0, 165.0, 170.0, 143.0, 206.0, 142.0, 158.0, 156.0, 166.0, 151.0, 167.0, 177.0, 165.0, 172.0, 194.0, 177.0, 144.0, 136.0, 151.0, 186.0, 156.0, 194.0, 156.0, 170.0, 181.0, 159.0, 181.0, 194.0, 148.0, 130.0, 142.0, 178.0, 191.0, 145.0, 153.0, 174.0, 157.0, 188.0, 203.0, 154.0, 149.0, 155.0, 192.0, 204.0, 180.0, 152.0, 194.0, 198.0, 194.0, 174.0, 180.0, 151.0, 129.0, 146.0, 200.0, 159.0, 168.0, 177.0, 191.0, 170.0, 168.0, 165.0, 146.0, 200.0, 161.0, 167.0, 153.0, 194.0, 145.0, 167.0, 191.0, 203.0, 157.0, 169.0, 201.0, 176.0, 168.0, 140.0, 202.0, 183.0, 154.0, 183.0, 190.0, 186.0, 154.0, 185.0, 175.0, 168.0, 146.0, 148.0, 143.0, 168.0, 191.0, 191.0], "dropped": [0.0, 0.0, 0.0, 0.0, 0.0, 0.0, 0.0, 0.0, 0.0, 0.0, 0.0, 0.0, 0.0, 0.0, 0.0, 0.0, 0.0, 0.0, 0.0, 0.0, 0.0, 0.0, 0.0, 0.0, 0.0, 0.0, 0.0, 1.0, 0.0, 0.0, 0.0, 0.0, 0.0, 0.0, 0.0, 0.0, 1.0, 0.0, 0.0, 0.0, 0.0, 0.0, 0.0, 0.0, 0.0, 0.0, 0.0, 0.0, 0.0, 0.0, 0.0, 0.0, 0.0, 0.0, 0.0, 0.0, 0.0, 1.0, 0.0, 0.0, 0.0, 0.0, 0.0, 0.0, 0.0, 0.0, 0.0, 0.0, 0.0, 0.0, 0.0, 0.0, 0.0, 1.0, 1.0, 0.0, 0.0, 0.0, 0.0, 0.0, 1.0, 0.0, 0.0, 0.0, 0.0, 0.0, 0.0, 0.0, 0.0, 0.0, 0.0, 0.0, 0.0, 0.0, 0.0, 0.0, 0.0, 0.0, 0.0, 0.0],